time,length
1.5422586727142333,1
1.5094380283355713,2
1.5079512071609498,4
1.5106694078445435,8
1.5598455476760864,16
1.526054368019104,32
1.5314714097976685,64
1.5028198337554932,128
1.5522911834716797,256
1.4922312545776366,512
1.574462513923645,1024
1.4834270524978637,2048
1.5837957191467285,4096
1.5729155206680299,8192
1.5701477670669555,16384
1.6023495769500733,32768
1.7608694410324097,65536
1.9598043727874757,131072
2.325914144515991,262144
3.459768199920654,524288

