time,length
2.446768569946289,1
2.4735325813293456,2
2.7637295484542848,4
2.818437194824219,8
2.423376727104187,16
2.462297773361206,32
2.9675580501556396,64
2.589538407325745,128
2.492998743057251,256
2.956493878364563,512
2.8276682615280153,1024
2.9439138650894163,2048
2.5641430377960206,4096
2.8190386056900025,8192
2.744529294967651,16384
2.9162060499191282,32768
2.9734115600585938,65536
3.374336671829224,131072
4.148195266723633,262144
5.290356516838074,524288
