time,length
2.518988513946533,1
2.609729266166687,2
2.62303683757782,4
2.4236060619354247,8
2.9941824436187745,16
2.5119520664215087,32
2.8592487573623657,64
2.5341969966888427,128
2.87840096950531,256
3.1358529806137083,512
2.877306342124939,1024
2.325286316871643,2048
2.688311529159546,4096
2.8758367776870726,8192
3.123823356628418,16384
2.547912836074829,32768
3.413864827156067,65536
3.1344766855239867,131072
4.051446771621704,262144
5.004088664054871,524288
